frame type (0: base 1: event), frame identifier, segment number, frame size, event occurred, map to cam samp. time
0,0,-1,110240,0.075,0.075
0,0,0,12304,-100,-100
0,0,1,12304,-100,-100
0,0,2,12304,-100,-100
0,0,3,12304,-100,-100
0,0,4,12304,-100,-100
0,0,5,12304,-100,-100
0,0,6,12304,-100,-100
0,0,7,12304,-100,-100
0,0,8,12304,-100,-100
0,0,9,2544,-100,-100
1,1,-1,112208,0.140711479,0.141667
1,1,0,12304,-100,-100
1,1,1,12304,-100,-100
1,1,2,12304,-100,-100
1,1,3,12304,-100,-100
1,1,4,12304,-100,-100
1,1,5,12304,-100,-100
1,1,6,12304,-100,-100
1,1,7,12304,-100,-100
1,1,8,12304,-100,-100
1,1,9,4512,-100,-100
1,4,-1,121376,0.295969723,0.297917
1,4,0,12304,-100,-100
1,4,1,12304,-100,-100
1,4,2,12304,-100,-100
1,4,3,12304,-100,-100
1,4,4,12304,-100,-100
1,4,5,12304,-100,-100
1,4,6,12304,-100,-100
1,4,7,12304,-100,-100
1,4,8,12304,-100,-100
1,4,9,12304,-100,-100
1,4,10,1680,-100,-100
1,3,-1,138112,0.231918699,0.233333
1,3,0,12304,-100,-100
1,3,1,12304,-100,-100
1,3,2,12304,-100,-100
1,3,3,12304,-100,-100
1,3,4,12304,-100,-100
1,3,5,12304,-100,-100
1,3,6,12304,-100,-100
1,3,7,12304,-100,-100
1,3,8,12304,-100,-100
1,3,9,12304,-100,-100
1,3,10,12304,-100,-100
1,3,11,6416,-100,-100
0,5,-1,151472,0.375,0.375
0,5,0,12304,-100,-100
0,5,1,12304,-100,-100
0,5,2,12304,-100,-100
0,5,3,12304,-100,-100
0,5,4,12304,-100,-100
0,5,5,12304,-100,-100
0,5,6,12304,-100,-100
0,5,7,12304,-100,-100
0,5,8,12304,-100,-100
0,5,9,12304,-100,-100
0,5,10,12304,-100,-100
0,5,11,12304,-100,-100
0,5,12,7776,-100,-100
1,7,-1,157800,0.469729458,0.470833
1,7,0,12304,-100,-100
1,7,1,12304,-100,-100
1,7,2,12304,-100,-100
1,7,3,12304,-100,-100
1,7,4,12304,-100,-100
1,7,5,12304,-100,-100
1,7,6,12304,-100,-100
1,7,7,12304,-100,-100
1,7,8,12304,-100,-100
1,7,9,12304,-100,-100
1,7,10,12304,-100,-100
1,7,11,12304,-100,-100
1,7,12,12304,-100,-100
1,7,13,2104,-100,-100
1,9,-1,125592,0.593610745,0.59375
1,9,0,12304,-100,-100
1,9,1,12304,-100,-100
1,9,2,12304,-100,-100
1,9,3,12304,-100,-100
1,9,4,12304,-100,-100
1,9,5,12304,-100,-100
1,9,6,12304,-100,-100
1,9,7,12304,-100,-100
1,9,8,12304,-100,-100
1,9,9,12304,-100,-100
1,9,10,5896,-100,-100
1,12,-1,128656,0.748902232,0.75
1,12,0,12304,-100,-100
1,12,1,12304,-100,-100
1,12,2,12304,-100,-100
1,12,3,12304,-100,-100
1,12,4,12304,-100,-100
1,12,5,12304,-100,-100
1,12,6,12304,-100,-100
1,12,7,12304,-100,-100
1,12,8,12304,-100,-100
1,12,9,12304,-100,-100
1,12,10,8960,-100,-100
1,11,-1,151112,0.673061591,0.675
1,11,0,12304,-100,-100
1,11,1,12304,-100,-100
1,11,2,12304,-100,-100
1,11,3,12304,-100,-100
1,11,4,12304,-100,-100
1,11,5,12304,-100,-100
1,11,6,12304,-100,-100
1,11,7,12304,-100,-100
1,11,8,12304,-100,-100
1,11,9,12304,-100,-100
1,11,10,12304,-100,-100
1,11,11,12304,-100,-100
1,11,12,7416,-100,-100
0,13,-1,157464,0.827083,0.827083
0,13,0,12304,-100,-100
0,13,1,12304,-100,-100
0,13,2,12304,-100,-100
0,13,3,12304,-100,-100
0,13,4,12304,-100,-100
0,13,5,12304,-100,-100
0,13,6,12304,-100,-100
0,13,7,12304,-100,-100
0,13,8,12304,-100,-100
0,13,9,12304,-100,-100
0,13,10,12304,-100,-100
0,13,11,12304,-100,-100
0,13,12,12304,-100,-100
0,13,13,1768,-100,-100
1,15,-1,149008,0.931745087,0.933333
1,15,0,12304,-100,-100
1,15,1,12304,-100,-100
1,15,2,12304,-100,-100
1,15,3,12304,-100,-100
1,15,4,12304,-100,-100
1,15,5,12304,-100,-100
1,15,6,12304,-100,-100
1,15,7,12304,-100,-100
1,15,8,12304,-100,-100
1,15,9,12304,-100,-100
1,15,10,12304,-100,-100
1,15,11,12304,-100,-100
1,15,12,5312,-100,-100
0,16,-1,155992,1.01042,1.01042
0,16,0,12304,-100,-100
0,16,1,12304,-100,-100
0,16,2,12304,-100,-100
0,16,3,12304,-100,-100
0,16,4,12304,-100,-100
0,16,5,12304,-100,-100
0,16,6,12304,-100,-100
0,16,7,12304,-100,-100
0,16,8,12304,-100,-100
0,16,9,12304,-100,-100
0,16,10,12304,-100,-100
0,16,11,12304,-100,-100
0,16,12,12296,-100,-100
1,18,-1,157536,1.100504145,1.10208
1,18,0,12304,-100,-100
1,18,1,12304,-100,-100
1,18,2,12304,-100,-100
1,18,3,12304,-100,-100
1,18,4,12304,-100,-100
1,18,5,12304,-100,-100
1,18,6,12304,-100,-100
1,18,7,12304,-100,-100
1,18,8,12304,-100,-100
1,18,9,12304,-100,-100
1,18,10,12304,-100,-100
1,18,11,12304,-100,-100
1,18,12,12304,-100,-100
1,18,13,1840,-100,-100
1,20,-1,134440,1.25420302,1.25625
1,20,0,12304,-100,-100
1,20,1,12304,-100,-100
1,20,2,12304,-100,-100
1,20,3,12304,-100,-100
1,20,4,12304,-100,-100
1,20,5,12304,-100,-100
1,20,6,12304,-100,-100
1,20,7,12304,-100,-100
1,20,8,12304,-100,-100
1,20,9,12304,-100,-100
1,20,10,12304,-100,-100
1,20,11,2744,-100,-100
0,21,-1,141192,1.33333,1.33333
0,21,0,12304,-100,-100
0,21,1,12304,-100,-100
0,21,2,12304,-100,-100
0,21,3,12304,-100,-100
0,21,4,12304,-100,-100
0,21,5,12304,-100,-100
0,21,6,12304,-100,-100
0,21,7,12304,-100,-100
0,21,8,12304,-100,-100
0,21,9,12304,-100,-100
0,21,10,12304,-100,-100
0,21,11,9496,-100,-100
0,22,-1,155304,1.41042,1.41042
0,22,0,12304,-100,-100
0,22,1,12304,-100,-100
0,22,2,12304,-100,-100
0,22,3,12304,-100,-100
0,22,4,12304,-100,-100
0,22,5,12304,-100,-100
0,22,6,12304,-100,-100
0,22,7,12304,-100,-100
0,22,8,12304,-100,-100
0,22,9,12304,-100,-100
0,22,10,12304,-100,-100
0,22,11,12304,-100,-100
0,22,12,11608,-100,-100
0,23,-1,186008,1.4875,1.4875
0,23,0,12304,-100,-100
0,23,1,12304,-100,-100
0,23,2,12304,-100,-100
0,23,3,12304,-100,-100
0,23,4,12304,-100,-100
0,23,5,12304,-100,-100
0,23,6,12304,-100,-100
0,23,7,12304,-100,-100
0,23,8,12304,-100,-100
0,23,9,12304,-100,-100
0,23,10,12304,-100,-100
0,23,11,12304,-100,-100
0,23,12,12304,-100,-100
0,23,13,12304,-100,-100
0,23,14,12304,-100,-100
0,23,15,6312,-100,-100
0,24,-1,148872,1.56458,1.56458
0,24,0,12304,-100,-100
0,24,1,12304,-100,-100
0,24,2,12304,-100,-100
0,24,3,12304,-100,-100
0,24,4,12304,-100,-100
0,24,5,12304,-100,-100
0,24,6,12304,-100,-100
0,24,7,12304,-100,-100
0,24,8,12304,-100,-100
0,24,9,12304,-100,-100
0,24,10,12304,-100,-100
0,24,11,12304,-100,-100
0,24,12,5176,-100,-100
1,26,-1,151280,1.664007277,1.66458
1,26,0,12304,-100,-100
1,26,1,12304,-100,-100
1,26,2,12304,-100,-100
1,26,3,12304,-100,-100
1,26,4,12304,-100,-100
1,26,5,12304,-100,-100
1,26,6,12304,-100,-100
1,26,7,12304,-100,-100
1,26,8,12304,-100,-100
1,26,9,12304,-100,-100
1,26,10,12304,-100,-100
1,26,11,12304,-100,-100
1,26,12,7584,-100,-100
0,27,-1,123064,1.74167,1.74167
0,27,0,12304,-100,-100
0,27,1,12304,-100,-100
0,27,2,12304,-100,-100
0,27,3,12304,-100,-100
0,27,4,12304,-100,-100
0,27,5,12304,-100,-100
0,27,6,12304,-100,-100
0,27,7,12304,-100,-100
0,27,8,12304,-100,-100
0,27,9,12304,-100,-100
0,27,10,3368,-100,-100
1,28,-1,150128,1.816879883,1.81875
1,28,0,12304,-100,-100
1,28,1,12304,-100,-100
1,28,2,12304,-100,-100
1,28,3,12304,-100,-100
1,28,4,12304,-100,-100
1,28,5,12304,-100,-100
1,28,6,12304,-100,-100
1,28,7,12304,-100,-100
1,28,8,12304,-100,-100
1,28,9,12304,-100,-100
1,28,10,12304,-100,-100
1,28,11,12304,-100,-100
1,28,12,6432,-100,-100
0,29,-1,185032,1.89583,1.89583
0,29,0,12304,-100,-100
0,29,1,12304,-100,-100
0,29,2,12304,-100,-100
0,29,3,12304,-100,-100
0,29,4,12304,-100,-100
0,29,5,12304,-100,-100
0,29,6,12304,-100,-100
0,29,7,12304,-100,-100
0,29,8,12304,-100,-100
0,29,9,12304,-100,-100
0,29,10,12304,-100,-100
0,29,11,12304,-100,-100
0,29,12,12304,-100,-100
0,29,13,12304,-100,-100
0,29,14,12304,-100,-100
0,29,15,5336,-100,-100
0,30,-1,147384,1.97292,1.97292
0,30,0,12304,-100,-100
0,30,1,12304,-100,-100
0,30,2,12304,-100,-100
0,30,3,12304,-100,-100
0,30,4,12304,-100,-100
0,30,5,12304,-100,-100
0,30,6,12304,-100,-100
0,30,7,12304,-100,-100
0,30,8,12304,-100,-100
0,30,9,12304,-100,-100
0,30,10,12304,-100,-100
0,30,11,12304,-100,-100
0,30,12,3688,-100,-100
0,31,-1,123600,2.05,2.05
0,31,0,12304,-100,-100
0,31,1,12304,-100,-100
0,31,2,12304,-100,-100
0,31,3,12304,-100,-100
0,31,4,12304,-100,-100
0,31,5,12304,-100,-100
0,31,6,12304,-100,-100
0,31,7,12304,-100,-100
0,31,8,12304,-100,-100
0,31,9,12304,-100,-100
0,31,10,3904,-100,-100
1,33,-1,125104,2.191480973,2.19167
1,33,0,12304,-100,-100
1,33,1,12304,-100,-100
1,33,2,12304,-100,-100
1,33,3,12304,-100,-100
1,33,4,12304,-100,-100
1,33,5,12304,-100,-100
1,33,6,12304,-100,-100
1,33,7,12304,-100,-100
1,33,8,12304,-100,-100
1,33,9,12304,-100,-100
1,33,10,5408,-100,-100
0,34,-1,153656,2.26875,2.26875
0,34,0,12304,-100,-100
0,34,1,12304,-100,-100
0,34,2,12304,-100,-100
0,34,3,12304,-100,-100
0,34,4,12304,-100,-100
0,34,5,12304,-100,-100
0,34,6,12304,-100,-100
0,34,7,12304,-100,-100
0,34,8,12304,-100,-100
0,34,9,12304,-100,-100
0,34,10,12304,-100,-100
0,34,11,12304,-100,-100
0,34,12,9960,-100,-100
0,35,-1,132248,2.34583,2.34583
0,35,0,12304,-100,-100
0,35,1,12304,-100,-100
0,35,2,12304,-100,-100
0,35,3,12304,-100,-100
0,35,4,12304,-100,-100
0,35,5,12304,-100,-100
0,35,6,12304,-100,-100
0,35,7,12304,-100,-100
0,35,8,12304,-100,-100
0,35,9,12304,-100,-100
0,35,10,12304,-100,-100
0,35,11,552,-100,-100
0,36,-1,152712,2.42292,2.42292
0,36,0,12304,-100,-100
0,36,1,12304,-100,-100
0,36,2,12304,-100,-100
0,36,3,12304,-100,-100
0,36,4,12304,-100,-100
0,36,5,12304,-100,-100
0,36,6,12304,-100,-100
0,36,7,12304,-100,-100
0,36,8,12304,-100,-100
0,36,9,12304,-100,-100
0,36,10,12304,-100,-100
0,36,11,12304,-100,-100
0,36,12,9016,-100,-100
0,37,-1,159320,2.5,2.5
0,37,0,12304,-100,-100
0,37,1,12304,-100,-100
0,37,2,12304,-100,-100
0,37,3,12304,-100,-100
0,37,4,12304,-100,-100
0,37,5,12304,-100,-100
0,37,6,12304,-100,-100
0,37,7,12304,-100,-100
0,37,8,12304,-100,-100
0,37,9,12304,-100,-100
0,37,10,12304,-100,-100
0,37,11,12304,-100,-100
0,37,12,12304,-100,-100
0,37,13,3624,-100,-100
0,38,-1,152624,2.57708,2.57708
0,38,0,12304,-100,-100
0,38,1,12304,-100,-100
0,38,2,12304,-100,-100
0,38,3,12304,-100,-100
0,38,4,12304,-100,-100
0,38,5,12304,-100,-100
0,38,6,12304,-100,-100
0,38,7,12304,-100,-100
0,38,8,12304,-100,-100
0,38,9,12304,-100,-100
0,38,10,12304,-100,-100
0,38,11,12304,-100,-100
0,38,12,8928,-100,-100
1,41,-1,149344,2.706895718,2.70833
1,41,0,12304,-100,-100
1,41,1,12304,-100,-100
1,41,2,12304,-100,-100
1,41,3,12304,-100,-100
1,41,4,12304,-100,-100
1,41,5,12304,-100,-100
1,41,6,12304,-100,-100
1,41,7,12304,-100,-100
1,41,8,12304,-100,-100
1,41,9,12304,-100,-100
1,41,10,12304,-100,-100
1,41,11,12304,-100,-100
1,41,12,5648,-100,-100
1,40,-1,152312,2.685158822,2.68542
1,40,0,12304,-100,-100
1,40,1,12304,-100,-100
1,40,2,12304,-100,-100
1,40,3,12304,-100,-100
1,40,4,12304,-100,-100
1,40,5,12304,-100,-100
1,40,6,12304,-100,-100
1,40,7,12304,-100,-100
1,40,8,12304,-100,-100
1,40,9,12304,-100,-100
1,40,10,12304,-100,-100
1,40,11,12304,-100,-100
1,40,12,8616,-100,-100
1,43,-1,139216,2.850568725,2.85208
1,43,0,12304,-100,-100
1,43,1,12304,-100,-100
1,43,2,12304,-100,-100
1,43,3,12304,-100,-100
1,43,4,12304,-100,-100
1,43,5,12304,-100,-100
1,43,6,12304,-100,-100
1,43,7,12304,-100,-100
1,43,8,12304,-100,-100
1,43,9,12304,-100,-100
1,43,10,12304,-100,-100
1,43,11,7520,-100,-100
0,44,-1,152656,2.92917,2.92917
0,44,0,12304,-100,-100
0,44,1,12304,-100,-100
0,44,2,12304,-100,-100
0,44,3,12304,-100,-100
0,44,4,12304,-100,-100
0,44,5,12304,-100,-100
0,44,6,12304,-100,-100
0,44,7,12304,-100,-100
0,44,8,12304,-100,-100
0,44,9,12304,-100,-100
0,44,10,12304,-100,-100
0,44,11,12304,-100,-100
0,44,12,8960,-100,-100
0,45,-1,132352,3.00625,3.00625
0,45,0,12304,-100,-100
0,45,1,12304,-100,-100
0,45,2,12304,-100,-100
0,45,3,12304,-100,-100
0,45,4,12304,-100,-100
0,45,5,12304,-100,-100
0,45,6,12304,-100,-100
0,45,7,12304,-100,-100
0,45,8,12304,-100,-100
0,45,9,12304,-100,-100
0,45,10,12304,-100,-100
0,45,11,656,-100,-100
0,46,-1,152656,3.08333,3.08333
0,46,0,12304,-100,-100
0,46,1,12304,-100,-100
0,46,2,12304,-100,-100
0,46,3,12304,-100,-100
0,46,4,12304,-100,-100
0,46,5,12304,-100,-100
0,46,6,12304,-100,-100
0,46,7,12304,-100,-100
0,46,8,12304,-100,-100
0,46,9,12304,-100,-100
0,46,10,12304,-100,-100
0,46,11,12304,-100,-100
0,46,12,8960,-100,-100
1,48,-1,154184,3.185746853,3.1875
1,48,0,12304,-100,-100
1,48,1,12304,-100,-100
1,48,2,12304,-100,-100
1,48,3,12304,-100,-100
1,48,4,12304,-100,-100
1,48,5,12304,-100,-100
1,48,6,12304,-100,-100
1,48,7,12304,-100,-100
1,48,8,12304,-100,-100
1,48,9,12304,-100,-100
1,48,10,12304,-100,-100
1,48,11,12304,-100,-100
1,48,12,10488,-100,-100
0,49,-1,121216,3.26458,3.26458
0,49,0,12304,-100,-100
0,49,1,12304,-100,-100
0,49,2,12304,-100,-100
0,49,3,12304,-100,-100
0,49,4,12304,-100,-100
0,49,5,12304,-100,-100
0,49,6,12304,-100,-100
0,49,7,12304,-100,-100
0,49,8,12304,-100,-100
0,49,9,12304,-100,-100
0,49,10,1520,-100,-100
1,50,-1,184416,3.340695172,3.34167
1,50,0,12304,-100,-100
1,50,1,12304,-100,-100
1,50,2,12304,-100,-100
1,50,3,12304,-100,-100
1,50,4,12304,-100,-100
1,50,5,12304,-100,-100
1,50,6,12304,-100,-100
1,50,7,12304,-100,-100
1,50,8,12304,-100,-100
1,50,9,12304,-100,-100
1,50,10,12304,-100,-100
1,50,11,12304,-100,-100
1,50,12,12304,-100,-100
1,50,13,12304,-100,-100
1,50,14,12304,-100,-100
1,50,15,4720,-100,-100
0,51,-1,160408,3.41875,3.41875
0,51,0,12304,-100,-100
0,51,1,12304,-100,-100
0,51,2,12304,-100,-100
0,51,3,12304,-100,-100
0,51,4,12304,-100,-100
0,51,5,12304,-100,-100
0,51,6,12304,-100,-100
0,51,7,12304,-100,-100
0,51,8,12304,-100,-100
0,51,9,12304,-100,-100
0,51,10,12304,-100,-100
0,51,11,12304,-100,-100
0,51,12,12304,-100,-100
0,51,13,4712,-100,-100
0,52,-1,148096,3.49583,3.49583
0,52,0,12304,-100,-100
0,52,1,12304,-100,-100
0,52,2,12304,-100,-100
0,52,3,12304,-100,-100
0,52,4,12304,-100,-100
0,52,5,12304,-100,-100
0,52,6,12304,-100,-100
0,52,7,12304,-100,-100
0,52,8,12304,-100,-100
0,52,9,12304,-100,-100
0,52,10,12304,-100,-100
0,52,11,12304,-100,-100
0,52,12,4400,-100,-100
1,55,-1,151400,3.656771057,3.65833
1,55,0,12304,-100,-100
1,55,1,12304,-100,-100
1,55,2,12304,-100,-100
1,55,3,12304,-100,-100
1,55,4,12304,-100,-100
1,55,5,12304,-100,-100
1,55,6,12304,-100,-100
1,55,7,12304,-100,-100
1,55,8,12304,-100,-100
1,55,9,12304,-100,-100
1,55,10,12304,-100,-100
1,55,11,12304,-100,-100
1,55,12,7704,-100,-100
1,54,-1,133008,3.5968815,3.59792
1,54,0,12304,-100,-100
1,54,1,12304,-100,-100
1,54,2,12304,-100,-100
1,54,3,12304,-100,-100
1,54,4,12304,-100,-100
1,54,5,12304,-100,-100
1,54,6,12304,-100,-100
1,54,7,12304,-100,-100
1,54,8,12304,-100,-100
1,54,9,12304,-100,-100
1,54,10,12304,-100,-100
1,54,11,1312,-100,-100
0,56,-1,127368,3.73542,3.73542
0,56,0,12304,-100,-100
0,56,1,12304,-100,-100
0,56,2,12304,-100,-100
0,56,3,12304,-100,-100
0,56,4,12304,-100,-100
0,56,5,12304,-100,-100
0,56,6,12304,-100,-100
0,56,7,12304,-100,-100
0,56,8,12304,-100,-100
0,56,9,12304,-100,-100
0,56,10,7672,-100,-100
1,57,-1,161416,3.810745751,3.8125
1,57,0,12304,-100,-100
1,57,1,12304,-100,-100
1,57,2,12304,-100,-100
1,57,3,12304,-100,-100
1,57,4,12304,-100,-100
1,57,5,12304,-100,-100
1,57,6,12304,-100,-100
1,57,7,12304,-100,-100
1,57,8,12304,-100,-100
1,57,9,12304,-100,-100
1,57,10,12304,-100,-100
1,57,11,12304,-100,-100
1,57,12,12304,-100,-100
1,57,13,5720,-100,-100
0,58,-1,185576,3.88958,3.88958
0,58,0,12304,-100,-100
0,58,1,12304,-100,-100
0,58,2,12304,-100,-100
0,58,3,12304,-100,-100
0,58,4,12304,-100,-100
0,58,5,12304,-100,-100
0,58,6,12304,-100,-100
0,58,7,12304,-100,-100
0,58,8,12304,-100,-100
0,58,9,12304,-100,-100
0,58,10,12304,-100,-100
0,58,11,12304,-100,-100
0,58,12,12304,-100,-100
0,58,13,12304,-100,-100
0,58,14,12304,-100,-100
0,58,15,5880,-100,-100
1,60,-1,155568,4.003597941,4.00417
1,60,0,12304,-100,-100
1,60,1,12304,-100,-100
1,60,2,12304,-100,-100
1,60,3,12304,-100,-100
1,60,4,12304,-100,-100
1,60,5,12304,-100,-100
1,60,6,12304,-100,-100
1,60,7,12304,-100,-100
1,60,8,12304,-100,-100
1,60,9,12304,-100,-100
1,60,10,12304,-100,-100
1,60,11,12304,-100,-100
1,60,12,11872,-100,-100
1,64,-1,158624,4.236838459,4.2375
1,64,0,12304,-100,-100
1,64,1,12304,-100,-100
1,64,2,12304,-100,-100
1,64,3,12304,-100,-100
1,64,4,12304,-100,-100
1,64,5,12304,-100,-100
1,64,6,12304,-100,-100
1,64,7,12304,-100,-100
1,64,8,12304,-100,-100
1,64,9,12304,-100,-100
1,64,10,12304,-100,-100
1,64,11,12304,-100,-100
1,64,12,12304,-100,-100
1,64,13,2928,-100,-100
1,63,-1,148272,4.162000186,4.1625
1,63,0,12304,-100,-100
1,63,1,12304,-100,-100
1,63,2,12304,-100,-100
1,63,3,12304,-100,-100
1,63,4,12304,-100,-100
1,63,5,12304,-100,-100
1,63,6,12304,-100,-100
1,63,7,12304,-100,-100
1,63,8,12304,-100,-100
1,63,9,12304,-100,-100
1,63,10,12304,-100,-100
1,63,11,12304,-100,-100
1,63,12,4576,-100,-100
1,66,-1,128728,4.317330529,4.31875
1,66,0,12304,-100,-100
1,66,1,12304,-100,-100
1,66,2,12304,-100,-100
1,66,3,12304,-100,-100
1,66,4,12304,-100,-100
1,66,5,12304,-100,-100
1,66,6,12304,-100,-100
1,66,7,12304,-100,-100
1,66,8,12304,-100,-100
1,66,9,12304,-100,-100
1,66,10,9032,-100,-100
0,67,-1,149152,4.39583,4.39583
0,67,0,12304,-100,-100
0,67,1,12304,-100,-100
0,67,2,12304,-100,-100
0,67,3,12304,-100,-100
0,67,4,12304,-100,-100
0,67,5,12304,-100,-100
0,67,6,12304,-100,-100
0,67,7,12304,-100,-100
0,67,8,12304,-100,-100
0,67,9,12304,-100,-100
0,67,10,12304,-100,-100
0,67,11,12304,-100,-100
0,67,12,5456,-100,-100
0,68,-1,157704,4.47292,4.47292
0,68,0,12304,-100,-100
0,68,1,12304,-100,-100
0,68,2,12304,-100,-100
0,68,3,12304,-100,-100
0,68,4,12304,-100,-100
0,68,5,12304,-100,-100
0,68,6,12304,-100,-100
0,68,7,12304,-100,-100
0,68,8,12304,-100,-100
0,68,9,12304,-100,-100
0,68,10,12304,-100,-100
0,68,11,12304,-100,-100
0,68,12,12304,-100,-100
0,68,13,2008,-100,-100
1,70,-1,157560,4.612589565,4.61458
1,70,0,12304,-100,-100
1,70,1,12304,-100,-100
1,70,2,12304,-100,-100
1,70,3,12304,-100,-100
1,70,4,12304,-100,-100
1,70,5,12304,-100,-100
1,70,6,12304,-100,-100
1,70,7,12304,-100,-100
1,70,8,12304,-100,-100
1,70,9,12304,-100,-100
1,70,10,12304,-100,-100
1,70,11,12304,-100,-100
1,70,12,12304,-100,-100
1,70,13,1864,-100,-100
0,71,-1,134896,4.69167,4.69167
0,71,0,12304,-100,-100
0,71,1,12304,-100,-100
0,71,2,12304,-100,-100
0,71,3,12304,-100,-100
0,71,4,12304,-100,-100
0,71,5,12304,-100,-100
0,71,6,12304,-100,-100
0,71,7,12304,-100,-100
0,71,8,12304,-100,-100
0,71,9,12304,-100,-100
0,71,10,12304,-100,-100
0,71,11,3200,-100,-100
0,72,-1,187840,4.76875,4.76875
0,72,0,12304,-100,-100
0,72,1,12304,-100,-100
0,72,2,12304,-100,-100
0,72,3,12304,-100,-100
0,72,4,12304,-100,-100
0,72,5,12304,-100,-100
0,72,6,12304,-100,-100
0,72,7,12304,-100,-100
0,72,8,12304,-100,-100
0,72,9,12304,-100,-100
0,72,10,12304,-100,-100
0,72,11,12304,-100,-100
0,72,12,12304,-100,-100
0,72,13,12304,-100,-100
0,72,14,12304,-100,-100
0,72,15,8144,-100,-100
0,73,-1,154272,4.84583,4.84583
0,73,0,12304,-100,-100
0,73,1,12304,-100,-100
0,73,2,12304,-100,-100
0,73,3,12304,-100,-100
0,73,4,12304,-100,-100
0,73,5,12304,-100,-100
0,73,6,12304,-100,-100
0,73,7,12304,-100,-100
0,73,8,12304,-100,-100
0,73,9,12304,-100,-100
0,73,10,12304,-100,-100
0,73,11,12304,-100,-100
0,73,12,10576,-100,-100
0,74,-1,124064,4.92292,4.92292
0,74,0,12304,-100,-100
0,74,1,12304,-100,-100
0,74,2,12304,-100,-100
0,74,3,12304,-100,-100
0,74,4,12304,-100,-100
0,74,5,12304,-100,-100
0,74,6,12304,-100,-100
0,74,7,12304,-100,-100
0,74,8,12304,-100,-100
0,74,9,12304,-100,-100
0,74,10,4368,-100,-100
0,75,-1,134896,5,5
0,75,0,12304,-100,-100
0,75,1,12304,-100,-100
0,75,2,12304,-100,-100
0,75,3,12304,-100,-100
0,75,4,12304,-100,-100
0,75,5,12304,-100,-100
0,75,6,12304,-100,-100
0,75,7,12304,-100,-100
0,75,8,12304,-100,-100
0,75,9,12304,-100,-100
0,75,10,12304,-100,-100
0,75,11,3200,-100,-100
0,76,-1,186448,5.07708,5.07708
0,76,0,12304,-100,-100
0,76,1,12304,-100,-100
0,76,2,12304,-100,-100
0,76,3,12304,-100,-100
0,76,4,12304,-100,-100
0,76,5,12304,-100,-100
0,76,6,12304,-100,-100
0,76,7,12304,-100,-100
0,76,8,12304,-100,-100
0,76,9,12304,-100,-100
0,76,10,12304,-100,-100
0,76,11,12304,-100,-100
0,76,12,12304,-100,-100
0,76,13,12304,-100,-100
0,76,14,12304,-100,-100
0,76,15,6752,-100,-100
0,77,-1,152928,5.15417,5.15417
0,77,0,12304,-100,-100
0,77,1,12304,-100,-100
0,77,2,12304,-100,-100
0,77,3,12304,-100,-100
0,77,4,12304,-100,-100
0,77,5,12304,-100,-100
0,77,6,12304,-100,-100
0,77,7,12304,-100,-100
0,77,8,12304,-100,-100
0,77,9,12304,-100,-100
0,77,10,12304,-100,-100
0,77,11,12304,-100,-100
0,77,12,9232,-100,-100
0,78,-1,124096,5.23125,5.23125
0,78,0,12304,-100,-100
0,78,1,12304,-100,-100
0,78,2,12304,-100,-100
0,78,3,12304,-100,-100
0,78,4,12304,-100,-100
0,78,5,12304,-100,-100
0,78,6,12304,-100,-100
0,78,7,12304,-100,-100
0,78,8,12304,-100,-100
0,78,9,12304,-100,-100
0,78,10,4400,-100,-100
0,79,-1,122856,5.30833,5.30833
0,79,0,12304,-100,-100
0,79,1,12304,-100,-100
0,79,2,12304,-100,-100
0,79,3,12304,-100,-100
0,79,4,12304,-100,-100
0,79,5,12304,-100,-100
0,79,6,12304,-100,-100
0,79,7,12304,-100,-100
0,79,8,12304,-100,-100
0,79,9,12304,-100,-100
0,79,10,3160,-100,-100
0,80,-1,187616,5.38542,5.38542
0,80,0,12304,-100,-100
0,80,1,12304,-100,-100
0,80,2,12304,-100,-100
0,80,3,12304,-100,-100
0,80,4,12304,-100,-100
0,80,5,12304,-100,-100
0,80,6,12304,-100,-100
0,80,7,12304,-100,-100
0,80,8,12304,-100,-100
0,80,9,12304,-100,-100
0,80,10,12304,-100,-100
0,80,11,12304,-100,-100
0,80,12,12304,-100,-100
0,80,13,12304,-100,-100
0,80,14,12304,-100,-100
0,80,15,7920,-100,-100
0,81,-1,153160,5.4625,5.4625
0,81,0,12304,-100,-100
0,81,1,12304,-100,-100
0,81,2,12304,-100,-100
0,81,3,12304,-100,-100
0,81,4,12304,-100,-100
0,81,5,12304,-100,-100
0,81,6,12304,-100,-100
0,81,7,12304,-100,-100
0,81,8,12304,-100,-100
0,81,9,12304,-100,-100
0,81,10,12304,-100,-100
0,81,11,12304,-100,-100
0,81,12,9464,-100,-100
0,82,-1,124032,5.53958,5.53958
0,82,0,12304,-100,-100
0,82,1,12304,-100,-100
0,82,2,12304,-100,-100
0,82,3,12304,-100,-100
0,82,4,12304,-100,-100
0,82,5,12304,-100,-100
0,82,6,12304,-100,-100
0,82,7,12304,-100,-100
0,82,8,12304,-100,-100
0,82,9,12304,-100,-100
0,82,10,4336,-100,-100
0,83,-1,134784,5.61667,5.61667
0,83,0,12304,-100,-100
0,83,1,12304,-100,-100
0,83,2,12304,-100,-100
0,83,3,12304,-100,-100
0,83,4,12304,-100,-100
0,83,5,12304,-100,-100
0,83,6,12304,-100,-100
0,83,7,12304,-100,-100
0,83,8,12304,-100,-100
0,83,9,12304,-100,-100
0,83,10,12304,-100,-100
0,83,11,3088,-100,-100
1,85,-1,122984,5.723154899,5.725
1,85,0,12304,-100,-100
1,85,1,12304,-100,-100
1,85,2,12304,-100,-100
1,85,3,12304,-100,-100
1,85,4,12304,-100,-100
1,85,5,12304,-100,-100
1,85,6,12304,-100,-100
1,85,7,12304,-100,-100
1,85,8,12304,-100,-100
1,85,9,12304,-100,-100
1,85,10,3288,-100,-100
1,87,-1,152480,5.878408877,5.87917
1,87,0,12304,-100,-100
1,87,1,12304,-100,-100
1,87,2,12304,-100,-100
1,87,3,12304,-100,-100
1,87,4,12304,-100,-100
1,87,5,12304,-100,-100
1,87,6,12304,-100,-100
1,87,7,12304,-100,-100
1,87,8,12304,-100,-100
1,87,9,12304,-100,-100
1,87,10,12304,-100,-100
1,87,11,12304,-100,-100
1,87,12,8784,-100,-100
0,88,-1,127984,5.95625,5.95625
0,88,0,12304,-100,-100
0,88,1,12304,-100,-100
0,88,2,12304,-100,-100
0,88,3,12304,-100,-100
0,88,4,12304,-100,-100
0,88,5,12304,-100,-100
0,88,6,12304,-100,-100
0,88,7,12304,-100,-100
0,88,8,12304,-100,-100
0,88,9,12304,-100,-100
0,88,10,8288,-100,-100
0,89,-1,149392,6.03333,6.03333
0,89,0,12304,-100,-100
0,89,1,12304,-100,-100
0,89,2,12304,-100,-100
0,89,3,12304,-100,-100
0,89,4,12304,-100,-100
0,89,5,12304,-100,-100
0,89,6,12304,-100,-100
0,89,7,12304,-100,-100
0,89,8,12304,-100,-100
0,89,9,12304,-100,-100
0,89,10,12304,-100,-100
0,89,11,12304,-100,-100
0,89,12,5696,-100,-100
1,92,-1,187904,6.193301566,6.19375
1,92,0,12304,-100,-100
1,92,1,12304,-100,-100
1,92,2,12304,-100,-100
1,92,3,12304,-100,-100
1,92,4,12304,-100,-100
1,92,5,12304,-100,-100
1,92,6,12304,-100,-100
1,92,7,12304,-100,-100
1,92,8,12304,-100,-100
1,92,9,12304,-100,-100
1,92,10,12304,-100,-100
1,92,11,12304,-100,-100
1,92,12,12304,-100,-100
1,92,13,12304,-100,-100
1,92,14,12304,-100,-100
1,92,15,8208,-100,-100
1,95,-1,186864,6.353115925,6.35417
1,95,0,12304,-100,-100
1,95,1,12304,-100,-100
1,95,2,12304,-100,-100
1,95,3,12304,-100,-100
1,95,4,12304,-100,-100
1,95,5,12304,-100,-100
1,95,6,12304,-100,-100
1,95,7,12304,-100,-100
1,95,8,12304,-100,-100
1,95,9,12304,-100,-100
1,95,10,12304,-100,-100
1,95,11,12304,-100,-100
1,95,12,12304,-100,-100
1,95,13,12304,-100,-100
1,95,14,12304,-100,-100
1,95,15,7168,-100,-100
1,94,-1,122992,6.335706542,6.3375
1,94,0,12304,-100,-100
1,94,1,12304,-100,-100
1,94,2,12304,-100,-100
1,94,3,12304,-100,-100
1,94,4,12304,-100,-100
1,94,5,12304,-100,-100
1,94,6,12304,-100,-100
1,94,7,12304,-100,-100
1,94,8,12304,-100,-100
1,94,9,12304,-100,-100
1,94,10,3296,-100,-100
0,96,-1,152112,6.43125,6.43125
0,96,0,12304,-100,-100
0,96,1,12304,-100,-100
0,96,2,12304,-100,-100
0,96,3,12304,-100,-100
0,96,4,12304,-100,-100
0,96,5,12304,-100,-100
0,96,6,12304,-100,-100
0,96,7,12304,-100,-100
0,96,8,12304,-100,-100
0,96,9,12304,-100,-100
0,96,10,12304,-100,-100
0,96,11,12304,-100,-100
0,96,12,8416,-100,-100
1,97,-1,151960,6.50945699,6.51042
1,97,0,12304,-100,-100
1,97,1,12304,-100,-100
1,97,2,12304,-100,-100
1,97,3,12304,-100,-100
1,97,4,12304,-100,-100
1,97,5,12304,-100,-100
1,97,6,12304,-100,-100
1,97,7,12304,-100,-100
1,97,8,12304,-100,-100
1,97,9,12304,-100,-100
1,97,10,12304,-100,-100
1,97,11,12304,-100,-100
1,97,12,8264,-100,-100
0,98,-1,134632,6.5875,6.5875
0,98,0,12304,-100,-100
0,98,1,12304,-100,-100
0,98,2,12304,-100,-100
0,98,3,12304,-100,-100
0,98,4,12304,-100,-100
0,98,5,12304,-100,-100
0,98,6,12304,-100,-100
0,98,7,12304,-100,-100
0,98,8,12304,-100,-100
0,98,9,12304,-100,-100
0,98,10,12304,-100,-100
0,98,11,2936,-100,-100
1,101,-1,151720,6.735511636,6.7375
1,101,0,12304,-100,-100
1,101,1,12304,-100,-100
1,101,2,12304,-100,-100
1,101,3,12304,-100,-100
1,101,4,12304,-100,-100
1,101,5,12304,-100,-100
1,101,6,12304,-100,-100
1,101,7,12304,-100,-100
1,101,8,12304,-100,-100
1,101,9,12304,-100,-100
1,101,10,12304,-100,-100
1,101,11,12304,-100,-100
1,101,12,8024,-100,-100
1,100,-1,148392,6.681867069,6.68333
1,100,0,12304,-100,-100
1,100,1,12304,-100,-100
1,100,2,12304,-100,-100
1,100,3,12304,-100,-100
1,100,4,12304,-100,-100
1,100,5,12304,-100,-100
1,100,6,12304,-100,-100
1,100,7,12304,-100,-100
1,100,8,12304,-100,-100
1,100,9,12304,-100,-100
1,100,10,12304,-100,-100
1,100,11,12304,-100,-100
1,100,12,4696,-100,-100
0,102,-1,124616,6.81458,6.81458
0,102,0,12304,-100,-100
0,102,1,12304,-100,-100
0,102,2,12304,-100,-100
0,102,3,12304,-100,-100
0,102,4,12304,-100,-100
0,102,5,12304,-100,-100
0,102,6,12304,-100,-100
0,102,7,12304,-100,-100
0,102,8,12304,-100,-100
0,102,9,12304,-100,-100
0,102,10,4920,-100,-100
1,103,-1,134696,6.890598261,6.89167
1,103,0,12304,-100,-100
1,103,1,12304,-100,-100
1,103,2,12304,-100,-100
1,103,3,12304,-100,-100
1,103,4,12304,-100,-100
1,103,5,12304,-100,-100
1,103,6,12304,-100,-100
1,103,7,12304,-100,-100
1,103,8,12304,-100,-100
1,103,9,12304,-100,-100
1,103,10,12304,-100,-100
1,103,11,3000,-100,-100
1,105,-1,126280,7.037753821,7.03958
1,105,0,12304,-100,-100
1,105,1,12304,-100,-100
1,105,2,12304,-100,-100
1,105,3,12304,-100,-100
1,105,4,12304,-100,-100
1,105,5,12304,-100,-100
1,105,6,12304,-100,-100
1,105,7,12304,-100,-100
1,105,8,12304,-100,-100
1,105,9,12304,-100,-100
1,105,10,6584,-100,-100
0,106,-1,155584,7.11667,7.11667
0,106,0,12304,-100,-100
0,106,1,12304,-100,-100
0,106,2,12304,-100,-100
0,106,3,12304,-100,-100
0,106,4,12304,-100,-100
0,106,5,12304,-100,-100
0,106,6,12304,-100,-100
0,106,7,12304,-100,-100
0,106,8,12304,-100,-100
0,106,9,12304,-100,-100
0,106,10,12304,-100,-100
0,106,11,12304,-100,-100
0,106,12,11888,-100,-100
1,108,-1,156632,7.261028051,7.2625
1,108,0,12304,-100,-100
1,108,1,12304,-100,-100
1,108,2,12304,-100,-100
1,108,3,12304,-100,-100
1,108,4,12304,-100,-100
1,108,5,12304,-100,-100
1,108,6,12304,-100,-100
1,108,7,12304,-100,-100
1,108,8,12304,-100,-100
1,108,9,12304,-100,-100
1,108,10,12304,-100,-100
1,108,11,12304,-100,-100
1,108,12,12304,-100,-100
1,108,13,936,-100,-100
0,109,-1,121752,7.33958,7.33958
0,109,0,12304,-100,-100
0,109,1,12304,-100,-100
0,109,2,12304,-100,-100
0,109,3,12304,-100,-100
0,109,4,12304,-100,-100
0,109,5,12304,-100,-100
0,109,6,12304,-100,-100
0,109,7,12304,-100,-100
0,109,8,12304,-100,-100
0,109,9,12304,-100,-100
0,109,10,2056,-100,-100
1,111,-1,132992,7.431114179,7.43125
1,111,0,12304,-100,-100
1,111,1,12304,-100,-100
1,111,2,12304,-100,-100
1,111,3,12304,-100,-100
1,111,4,12304,-100,-100
1,111,5,12304,-100,-100
1,111,6,12304,-100,-100
1,111,7,12304,-100,-100
1,111,8,12304,-100,-100
1,111,9,12304,-100,-100
1,111,10,12304,-100,-100
1,111,11,1296,-100,-100
0,112,-1,185320,7.50833,7.50833
0,112,0,12304,-100,-100
0,112,1,12304,-100,-100
0,112,2,12304,-100,-100
0,112,3,12304,-100,-100
0,112,4,12304,-100,-100
0,112,5,12304,-100,-100
0,112,6,12304,-100,-100
0,112,7,12304,-100,-100
0,112,8,12304,-100,-100
0,112,9,12304,-100,-100
0,112,10,12304,-100,-100
0,112,11,12304,-100,-100
0,112,12,12304,-100,-100
0,112,13,12304,-100,-100
0,112,14,12304,-100,-100
0,112,15,5624,-100,-100
0,113,-1,147792,7.58542,7.58542
0,113,0,12304,-100,-100
0,113,1,12304,-100,-100
0,113,2,12304,-100,-100
0,113,3,12304,-100,-100
0,113,4,12304,-100,-100
0,113,5,12304,-100,-100
0,113,6,12304,-100,-100
0,113,7,12304,-100,-100
0,113,8,12304,-100,-100
0,113,9,12304,-100,-100
0,113,10,12304,-100,-100
0,113,11,12304,-100,-100
0,113,12,4096,-100,-100
1,115,-1,186424,7.714815794,7.71667
1,115,0,12304,-100,-100
1,115,1,12304,-100,-100
1,115,2,12304,-100,-100
1,115,3,12304,-100,-100
1,115,4,12304,-100,-100
1,115,5,12304,-100,-100
1,115,6,12304,-100,-100
1,115,7,12304,-100,-100
1,115,8,12304,-100,-100
1,115,9,12304,-100,-100
1,115,10,12304,-100,-100
1,115,11,12304,-100,-100
1,115,12,12304,-100,-100
1,115,13,12304,-100,-100
1,115,14,12304,-100,-100
1,115,15,6728,-100,-100
0,116,-1,150576,7.79375,7.79375
0,116,0,12304,-100,-100
0,116,1,12304,-100,-100
0,116,2,12304,-100,-100
0,116,3,12304,-100,-100
0,116,4,12304,-100,-100
0,116,5,12304,-100,-100
0,116,6,12304,-100,-100
0,116,7,12304,-100,-100
0,116,8,12304,-100,-100
0,116,9,12304,-100,-100
0,116,10,12304,-100,-100
0,116,11,12304,-100,-100
0,116,12,6880,-100,-100
0,117,-1,148912,7.87083,7.87083
0,117,0,12304,-100,-100
0,117,1,12304,-100,-100
0,117,2,12304,-100,-100
0,117,3,12304,-100,-100
0,117,4,12304,-100,-100
0,117,5,12304,-100,-100
0,117,6,12304,-100,-100
0,117,7,12304,-100,-100
0,117,8,12304,-100,-100
0,117,9,12304,-100,-100
0,117,10,12304,-100,-100
0,117,11,12304,-100,-100
0,117,12,5216,-100,-100
0,118,-1,149368,7.94792,7.94792
0,118,0,12304,-100,-100
0,118,1,12304,-100,-100
0,118,2,12304,-100,-100
0,118,3,12304,-100,-100
0,118,4,12304,-100,-100
0,118,5,12304,-100,-100
0,118,6,12304,-100,-100
0,118,7,12304,-100,-100
0,118,8,12304,-100,-100
0,118,9,12304,-100,-100
0,118,10,12304,-100,-100
0,118,11,12304,-100,-100
0,118,12,5672,-100,-100
0,119,-1,132256,8.025,8.025
0,119,0,12304,-100,-100
0,119,1,12304,-100,-100
0,119,2,12304,-100,-100
0,119,3,12304,-100,-100
0,119,4,12304,-100,-100
0,119,5,12304,-100,-100
0,119,6,12304,-100,-100
0,119,7,12304,-100,-100
0,119,8,12304,-100,-100
0,119,9,12304,-100,-100
0,119,10,12304,-100,-100
0,119,11,560,-100,-100
0,120,-1,149208,8.10208,8.10208
0,120,0,12304,-100,-100
0,120,1,12304,-100,-100
0,120,2,12304,-100,-100
0,120,3,12304,-100,-100
0,120,4,12304,-100,-100
0,120,5,12304,-100,-100
0,120,6,12304,-100,-100
0,120,7,12304,-100,-100
0,120,8,12304,-100,-100
0,120,9,12304,-100,-100
0,120,10,12304,-100,-100
0,120,11,12304,-100,-100
0,120,12,5512,-100,-100
1,123,-1,149888,8.278849991,8.27917
1,123,0,12304,-100,-100
1,123,1,12304,-100,-100
1,123,2,12304,-100,-100
1,123,3,12304,-100,-100
1,123,4,12304,-100,-100
1,123,5,12304,-100,-100
1,123,6,12304,-100,-100
1,123,7,12304,-100,-100
1,123,8,12304,-100,-100
1,123,9,12304,-100,-100
1,123,10,12304,-100,-100
1,123,11,12304,-100,-100
1,123,12,6192,-100,-100
1,122,-1,149480,8.251639336,8.25208
1,122,0,12304,-100,-100
1,122,1,12304,-100,-100
1,122,2,12304,-100,-100
1,122,3,12304,-100,-100
1,122,4,12304,-100,-100
1,122,5,12304,-100,-100
1,122,6,12304,-100,-100
1,122,7,12304,-100,-100
1,122,8,12304,-100,-100
1,122,9,12304,-100,-100
1,122,10,12304,-100,-100
1,122,11,12304,-100,-100
1,122,12,5784,-100,-100
1,125,-1,139416,8.414578169,8.41458
1,125,0,12304,-100,-100
1,125,1,12304,-100,-100
1,125,2,12304,-100,-100
1,125,3,12304,-100,-100
1,125,4,12304,-100,-100
1,125,5,12304,-100,-100
1,125,6,12304,-100,-100
1,125,7,12304,-100,-100
1,125,8,12304,-100,-100
1,125,9,12304,-100,-100
1,125,10,12304,-100,-100
1,125,11,7720,-100,-100
0,126,-1,152672,8.49167,8.49167
0,126,0,12304,-100,-100
0,126,1,12304,-100,-100
0,126,2,12304,-100,-100
0,126,3,12304,-100,-100
0,126,4,12304,-100,-100
0,126,5,12304,-100,-100
0,126,6,12304,-100,-100
0,126,7,12304,-100,-100
0,126,8,12304,-100,-100
0,126,9,12304,-100,-100
0,126,10,12304,-100,-100
0,126,11,12304,-100,-100
0,126,12,8976,-100,-100
0,127,-1,132920,8.56875,8.56875
0,127,0,12304,-100,-100
0,127,1,12304,-100,-100
0,127,2,12304,-100,-100
0,127,3,12304,-100,-100
0,127,4,12304,-100,-100
0,127,5,12304,-100,-100
0,127,6,12304,-100,-100
0,127,7,12304,-100,-100
0,127,8,12304,-100,-100
0,127,9,12304,-100,-100
0,127,10,12304,-100,-100
0,127,11,1224,-100,-100
0,128,-1,152776,8.64583,8.64583
0,128,0,12304,-100,-100
0,128,1,12304,-100,-100
0,128,2,12304,-100,-100
0,128,3,12304,-100,-100
0,128,4,12304,-100,-100
0,128,5,12304,-100,-100
0,128,6,12304,-100,-100
0,128,7,12304,-100,-100
0,128,8,12304,-100,-100
0,128,9,12304,-100,-100
0,128,10,12304,-100,-100
0,128,11,12304,-100,-100
0,128,12,9080,-100,-100
1,130,-1,154480,8.764943525,8.76667
1,130,0,12304,-100,-100
1,130,1,12304,-100,-100
1,130,2,12304,-100,-100
1,130,3,12304,-100,-100
1,130,4,12304,-100,-100
1,130,5,12304,-100,-100
1,130,6,12304,-100,-100
1,130,7,12304,-100,-100
1,130,8,12304,-100,-100
1,130,9,12304,-100,-100
1,130,10,12304,-100,-100
1,130,11,12304,-100,-100
1,130,12,10784,-100,-100
0,131,-1,121672,8.84375,8.84375
0,131,0,12304,-100,-100
0,131,1,12304,-100,-100
0,131,2,12304,-100,-100
0,131,3,12304,-100,-100
0,131,4,12304,-100,-100
0,131,5,12304,-100,-100
0,131,6,12304,-100,-100
0,131,7,12304,-100,-100
0,131,8,12304,-100,-100
0,131,9,12304,-100,-100
0,131,10,1976,-100,-100
1,132,-1,186144,8.919518392,8.92083
1,132,0,12304,-100,-100
1,132,1,12304,-100,-100
1,132,2,12304,-100,-100
1,132,3,12304,-100,-100
1,132,4,12304,-100,-100
1,132,5,12304,-100,-100
1,132,6,12304,-100,-100
1,132,7,12304,-100,-100
1,132,8,12304,-100,-100
1,132,9,12304,-100,-100
1,132,10,12304,-100,-100
1,132,11,12304,-100,-100
1,132,12,12304,-100,-100
1,132,13,12304,-100,-100
1,132,14,12304,-100,-100
1,132,15,6448,-100,-100
1,135,-1,161752,9.087605948,9.08958
1,135,0,12304,-100,-100
1,135,1,12304,-100,-100
1,135,2,12304,-100,-100
1,135,3,12304,-100,-100
1,135,4,12304,-100,-100
1,135,5,12304,-100,-100
1,135,6,12304,-100,-100
1,135,7,12304,-100,-100
1,135,8,12304,-100,-100
1,135,9,12304,-100,-100
1,135,10,12304,-100,-100
1,135,11,12304,-100,-100
1,135,12,12304,-100,-100
1,135,13,6056,-100,-100
1,137,-1,157648,9.23690826,9.2375
1,137,0,12304,-100,-100
1,137,1,12304,-100,-100
1,137,2,12304,-100,-100
1,137,3,12304,-100,-100
1,137,4,12304,-100,-100
1,137,5,12304,-100,-100
1,137,6,12304,-100,-100
1,137,7,12304,-100,-100
1,137,8,12304,-100,-100
1,137,9,12304,-100,-100
1,137,10,12304,-100,-100
1,137,11,12304,-100,-100
1,137,12,12304,-100,-100
1,137,13,1952,-100,-100
1,139,-1,134864,9.391082175,9.39167
1,139,0,12304,-100,-100
1,139,1,12304,-100,-100
1,139,2,12304,-100,-100
1,139,3,12304,-100,-100
1,139,4,12304,-100,-100
1,139,5,12304,-100,-100
1,139,6,12304,-100,-100
1,139,7,12304,-100,-100
1,139,8,12304,-100,-100
1,139,9,12304,-100,-100
1,139,10,12304,-100,-100
1,139,11,3168,-100,-100
1,141,-1,150752,9.531281592,9.53333
1,141,0,12304,-100,-100
1,141,1,12304,-100,-100
1,141,2,12304,-100,-100
1,141,3,12304,-100,-100
1,141,4,12304,-100,-100
1,141,5,12304,-100,-100
1,141,6,12304,-100,-100
1,141,7,12304,-100,-100
1,141,8,12304,-100,-100
1,141,9,12304,-100,-100
1,141,10,12304,-100,-100
1,141,11,12304,-100,-100
1,141,12,7056,-100,-100
0,142,-1,128432,9.61042,9.61042
0,142,0,12304,-100,-100
0,142,1,12304,-100,-100
0,142,2,12304,-100,-100
0,142,3,12304,-100,-100
0,142,4,12304,-100,-100
0,142,5,12304,-100,-100
0,142,6,12304,-100,-100
0,142,7,12304,-100,-100
0,142,8,12304,-100,-100
0,142,9,12304,-100,-100
0,142,10,8736,-100,-100
1,143,-1,187704,9.688750534,9.68958
1,143,0,12304,-100,-100
1,143,1,12304,-100,-100
1,143,2,12304,-100,-100
1,143,3,12304,-100,-100
1,143,4,12304,-100,-100
1,143,5,12304,-100,-100
1,143,6,12304,-100,-100
1,143,7,12304,-100,-100
1,143,8,12304,-100,-100
1,143,9,12304,-100,-100
1,143,10,12304,-100,-100
1,143,11,12304,-100,-100
1,143,12,12304,-100,-100
1,143,13,12304,-100,-100
1,143,14,12304,-100,-100
1,143,15,8008,-100,-100
1,145,-1,154368,9.843421393,9.84375
1,145,0,12304,-100,-100
1,145,1,12304,-100,-100
1,145,2,12304,-100,-100
1,145,3,12304,-100,-100
1,145,4,12304,-100,-100
1,145,5,12304,-100,-100
1,145,6,12304,-100,-100
1,145,7,12304,-100,-100
1,145,8,12304,-100,-100
1,145,9,12304,-100,-100
1,145,10,12304,-100,-100
1,145,11,12304,-100,-100
1,145,12,10672,-100,-100
0,146,-1,154208,9.92083,9.92083
0,146,0,12304,-100,-100
0,146,1,12304,-100,-100
0,146,2,12304,-100,-100
0,146,3,12304,-100,-100
0,146,4,12304,-100,-100
0,146,5,12304,-100,-100
0,146,6,12304,-100,-100
0,146,7,12304,-100,-100
0,146,8,12304,-100,-100
0,146,9,12304,-100,-100
0,146,10,12304,-100,-100
0,146,11,12304,-100,-100
0,146,12,10512,-100,-100
1,148,-1,154088,10.05287767,10.0542
1,148,0,12304,-100,-100
1,148,1,12304,-100,-100
1,148,2,12304,-100,-100
1,148,3,12304,-100,-100
1,148,4,12304,-100,-100
1,148,5,12304,-100,-100
1,148,6,12304,-100,-100
1,148,7,12304,-100,-100
1,148,8,12304,-100,-100
1,148,9,12304,-100,-100
1,148,10,12304,-100,-100
1,148,11,12304,-100,-100
1,148,12,10392,-100,-100
1,150,-1,155072,10.17763137,10.1792
1,150,0,12304,-100,-100
1,150,1,12304,-100,-100
1,150,2,12304,-100,-100
1,150,3,12304,-100,-100
1,150,4,12304,-100,-100
1,150,5,12304,-100,-100
1,150,6,12304,-100,-100
1,150,7,12304,-100,-100
1,150,8,12304,-100,-100
1,150,9,12304,-100,-100
1,150,10,12304,-100,-100
1,150,11,12304,-100,-100
1,150,12,11376,-100,-100
0,151,-1,127176,10.2562,10.2562
0,151,0,12304,-100,-100
0,151,1,12304,-100,-100
0,151,2,12304,-100,-100
0,151,3,12304,-100,-100
0,151,4,12304,-100,-100
0,151,5,12304,-100,-100
0,151,6,12304,-100,-100
0,151,7,12304,-100,-100
0,151,8,12304,-100,-100
0,151,9,12304,-100,-100
0,151,10,7480,-100,-100
1,153,-1,135184,10.36603588,10.3667
1,153,0,12304,-100,-100
1,153,1,12304,-100,-100
1,153,2,12304,-100,-100
1,153,3,12304,-100,-100
1,153,4,12304,-100,-100
1,153,5,12304,-100,-100
1,153,6,12304,-100,-100
1,153,7,12304,-100,-100
1,153,8,12304,-100,-100
1,153,9,12304,-100,-100
1,153,10,12304,-100,-100
1,153,11,3488,-100,-100
